nombre,indice_guia,resistencia,ataque,defensa,tipo_primario,tipo_secundario,max_salud,tasa_captura,tasa_escape,Weight,Height,Legendario,generacion,fuerza_combate
Bulbasaur,1,128.0,118.0,111.0,Grass,Poison,113.0,0.2,0.1,6.9,0.7,No,1,1115
Ivysaur,2,155.0,151.0,143.0,Grass,Poison,134.0,0.1,0.07,13.0,1.0,No,1,1699
Venusaur,3,190.0,198.0,189.0,Grass,Poison,162.0,0.05,0.05,100.0,2.0,No,1,2720
Charmander,4,118.0,116.0,93.0,Fire,None,105.0,0.2,0.1,8.5,0.6,No,1,980
Charmeleon,5,151.0,158.0,126.0,Fire,None,131.0,0.1,0.07,19.0,1.1,No,1,1653
Charizard,6,186.0,223.0,173.0,Fire,Flying,158.0,0.05,0.05,90.5,1.7,No,1,2889
Squirtle,7,127.0,94.0,121.0,Water,None,112.0,0.2,0.1,9.0,0.5,No,1,946
Wartortle,8,153.0,126.0,155.0,Water,None,132.0,0.1,0.07,22.5,1.0,No,1,1488
Blastoise,9,188.0,171.0,207.0,Water,None,160.0,0.05,0.05,85.5,1.6,No,1,2466
Caterpie,10,128.0,55.0,55.0,Bug,None,113.0,0.5,0.2,2.9,0.3,No,1,437
Metapod,11,137.0,45.0,80.0,Bug,None,120.0,0.25,0.09,9.9,0.7,No,1,450
Butterfree,12,155.0,167.0,137.0,Bug,Flying,134.0,0.125,0.06,32.0,1.1,No,1,1827
Weedle,13,120.0,63.0,50.0,Bug,Poison,106.0,0.5,0.2,3.2,0.3,No,1,456
Kakuna,14,128.0,46.0,75.0,Bug,Poison,113.0,0.25,0.09,10.0,0.6,No,1,432
Beedrill,15,163.0,169.0,130.0,Bug,Poison,140.0,0.125,0.06,29.5,1.0,No,1,1846
Pidgey,16,120.0,85.0,73.0,Normal,Flying,106.0,0.5,0.2,1.8,0.3,No,1,680
Pidgeotto,17,160.0,117.0,105.0,Normal,Flying,138.0,0.25,0.09,30.0,1.1,No,1,1194
Pidgeot,18,195.0,166.0,154.0,Normal,Flying,165.0,0.125,0.06,39.5,1.5,No,1,2129
Rattata,19,102.0,103.0,70.0,Normal,None,92.0,0.5,0.2,3.5,0.3,No,1,734
Raticate,20,146.0,161.0,139.0,Normal,None,127.0,0.2,0.07,18.5,0.7,No,1,1730
Spearow,21,120.0,112.0,60.0,Normal,Flying,106.0,0.5,0.15,2.0,0.3,No,1,798
Fearow,22,163.0,182.0,133.0,Normal,Flying,140.0,0.2,0.07,38.0,1.2,No,1,1997
Ekans,23,111.0,110.0,97.0,Poison,None,99.0,0.5,0.15,6.9,2.0,No,1,927
Arbok,24,155.0,167.0,153.0,Poison,None,134.0,0.2,0.07,65.0,3.5,No,1,1921
Pikachu,25,111.0,112.0,96.0,Electric,None,99.0,0.2,0.1,6.0,0.4,No,1,938
Raichu,26,155.0,193.0,151.0,Electric,None,134.0,0.1,0.06,30.0,0.8,No,1,2182
Sandshrew,27,137.0,126.0,120.0,Ground,None,120.0,0.5,0.1,12.0,0.6,No,1,1261
Sandslash,28,181.0,182.0,175.0,Ground,None,154.0,0.2,0.06,29.5,1.0,No,1,2374
Nidoran♀,29,146.0,86.0,89.0,Poison,None,127.0,0.5,0.15,7.0,0.4,No,1,816
Nidorina,30,172.0,117.0,120.0,Poison,None,147.0,0.25,0.07,20.0,0.8,No,1,1309
Nidoqueen,31,207.0,180.0,173.0,Poison,Ground,175.0,0.125,0.05,60.0,1.3,No,1,2488
Nidoran♂,32,130.0,105.0,76.0,Poison,None,114.0,0.5,0.15,9.0,0.5,No,1,860
Nidorino,33,156.0,137.0,111.0,Poison,None,135.0,0.25,0.07,19.5,0.9,No,1,1393
Nidoking,34,191.0,204.0,156.0,Poison,Ground,162.0,0.125,0.05,62.0,1.4,No,1,2567
Clefairy,35,172.0,107.0,108.0,Fairy,None,147.0,0.3,0.1,7.5,0.6,No,1,1155
Clefable,36,216.0,178.0,162.0,Fairy,None,182.0,0.1,0.06,40.0,1.3,No,1,2437
Vulpix,37,116.0,96.0,109.0,Fire,None,103.0,0.3,0.1,9.9,0.6,No,1,883
Ninetales,38,177.0,169.0,190.0,Fire,None,151.0,0.1,0.06,19.9,1.1,No,1,2279
Jigglypuff,39,251.0,80.0,41.0,Normal,Fairy,210.0,0.5,0.1,5.5,0.5,No,1,724
Wigglytuff,40,295.0,156.0,90.0,Normal,Fairy,244.0,0.2,0.06,12.0,1.0,No,1,1926
Zubat,41,120.0,83.0,73.0,Poison,Flying,106.0,0.5,0.2,7.5,0.8,No,1,667
Golbat,42,181.0,161.0,150.0,Poison,Flying,154.0,0.2,0.07,55.0,1.6,No,1,1976
Oddish,43,128.0,131.0,112.0,Grass,Poison,113.0,0.6,0.15,5.4,0.5,No,1,1228
Gloom,44,155.0,153.0,136.0,Grass,Poison,134.0,0.3,0.07,8.6,0.8,No,1,1681
Vileplume,45,181.0,202.0,167.0,Grass,Poison,154.0,0.15,0.05,18.6,1.2,No,1,2559
Paras,46,111.0,121.0,99.0,Bug,Grass,99.0,0.4,0.15,5.4,0.3,No,1,1018
Parasect,47,155.0,165.0,146.0,Bug,Grass,134.0,0.2,0.07,29.5,1.0,No,1,1859
Venonat,48,155.0,100.0,100.0,Bug,Poison,134.0,0.5,0.15,30.0,1.0,No,1,1004
Venomoth,49,172.0,179.0,143.0,Bug,Poison,147.0,0.2,0.07,12.5,1.5,No,1,2082
Diglett,50,67.0,109.0,78.0,Ground,None,64.0,0.5,0.1,0.8,0.2,No,1,676
Dugtrio,51,111.0,167.0,136.0,Ground,None,99.0,0.2,0.06,33.3,0.7,No,1,1567
Meowth,52,120.0,92.0,78.0,Normal,None,106.0,0.5,0.15,4.2,0.4,No,1,748
Persian,53,163.0,150.0,136.0,Normal,None,140.0,0.2,0.07,32.0,1.0,No,1,1689
Psyduck,54,137.0,122.0,95.0,Water,None,120.0,0.5,0.1,19.6,0.8,No,1,1106
Golduck,55,190.0,191.0,162.0,Water,None,162.0,0.2,0.06,76.6,1.7,No,1,2450
Mankey,56,120.0,148.0,82.0,Fighting,None,106.0,0.5,0.1,28.0,0.5,No,1,1164
Primeape,57,163.0,207.0,138.0,Fighting,None,140.0,0.2,0.06,32.0,1.0,No,1,2288
Growlithe,58,146.0,136.0,93.0,Fire,None,127.0,0.3,0.1,19.0,0.7,No,1,1243
Arcanine,59,207.0,227.0,166.0,Fire,None,175.0,0.1,0.06,155.0,1.9,No,1,3029
Poliwag,60,120.0,101.0,82.0,Water,None,106.0,0.5,0.15,12.4,0.6,No,1,829
Poliwhirl,61,163.0,130.0,123.0,Water,None,140.0,0.25,0.07,20.0,1.0,No,1,1419
Poliwrath,62,207.0,182.0,184.0,Water,Fighting,175.0,0.125,0.05,54.0,1.3,No,1,2586
Abra,63,93.0,195.0,82.0,Psychic,None,85.0,0.5,0.99,19.5,0.9,No,1,1342
Kadabra,64,120.0,232.0,117.0,Psychic,None,106.0,0.25,0.07,56.5,1.3,No,1,2059
Alakazam,65,146.0,271.0,167.0,Psychic,None,127.0,0.1,0.05,48.0,1.5,No,1,3057
Machop,66,172.0,137.0,82.0,Fighting,None,147.0,0.5,0.1,19.5,0.8,No,1,1278
Machoke,67,190.0,177.0,125.0,Fighting,None,162.0,0.25,0.07,70.5,1.5,No,1,2031
Machamp,68,207.0,234.0,159.0,Fighting,None,175.0,0.1,0.05,130.0,1.6,No,1,3056
Bellsprout,69,137.0,139.0,61.0,Grass,Poison,120.0,0.5,0.15,4.0,0.7,No,1,1033
Weepinbell,70,163.0,172.0,92.0,Grass,Poison,140.0,0.25,0.07,6.4,1.0,No,1,1611
Victreebel,71,190.0,207.0,135.0,Grass,Poison,162.0,0.125,0.05,15.5,1.7,No,1,2431
Tentacool,72,120.0,97.0,149.0,Water,Poison,106.0,0.5,0.15,45.5,0.9,No,1,1040
Tentacruel,73,190.0,166.0,209.0,Water,Poison,162.0,0.2,0.07,55.0,1.6,No,1,2422
Geodude,74,120.0,132.0,132.0,Rock,Ground,106.0,0.5,0.1,20.0,0.4,No,1,1293
Graveler,75,146.0,164.0,164.0,Rock,Ground,127.0,0.25,0.07,105.0,1.0,No,1,1897
Golem,76,190.0,211.0,198.0,Rock,Ground,162.0,0.125,0.05,300.0,1.4,No,1,2949
Ponyta,77,137.0,170.0,127.0,Fire,None,120.0,0.4,0.1,30.0,1.0,No,1,1697
Rapidash,78,163.0,207.0,162.0,Fire,None,140.0,0.15,0.06,95.0,1.7,No,1,2461
Slowpoke,79,207.0,109.0,98.0,Water,Psychic,175.0,0.5,0.1,36.0,1.2,No,1,1226
Slowbro,80,216.0,177.0,180.0,Water,Psychic,182.0,0.2,0.06,78.5,1.6,No,1,2545
Magnemite,81,93.0,165.0,121.0,Electric,Steel,85.0,0.5,0.1,6.0,0.3,No,1,1362
Magneton,82,137.0,223.0,169.0,Electric,Steel,120.0,0.2,0.06,60.0,1.0,No,1,2485
Farfetch'd,83,141.0,124.0,115.0,Normal,Flying,123.0,0.3,0.09,15.0,0.8,No,1,1236
Doduo,84,111.0,158.0,83.0,Normal,Flying,99.0,0.5,0.1,39.2,1.4,No,1,1200
Dodrio,85,155.0,218.0,140.0,Normal,Flying,134.0,0.2,0.06,85.2,1.8,No,1,2362
Seel,86,163.0,85.0,121.0,Water,None,140.0,0.5,0.09,90.0,1.1,No,1,971
Dewgong,87,207.0,139.0,177.0,Water,Ice,175.0,0.2,0.06,120.0,1.7,No,1,1985
Grimer,88,190.0,135.0,90.0,Poison,None,162.0,0.5,0.1,30.0,0.9,No,1,1374
Muk,89,233.0,190.0,172.0,Poison,None,195.0,0.2,0.06,30.0,1.2,No,1,2757
Shellder,90,102.0,116.0,134.0,Water,None,92.0,0.5,0.1,4.0,0.3,No,1,1080
Cloyster,91,137.0,186.0,256.0,Water,Ice,120.0,0.2,0.06,132.5,1.5,No,1,2547
Gastly,92,102.0,186.0,67.0,Ghost,Poison,92.0,0.4,0.1,0.1,1.3,No,1,1229
Haunter,93,128.0,223.0,107.0,Ghost,Poison,113.0,0.2,0.07,0.1,1.6,No,1,1963
Gengar,94,155.0,261.0,149.0,Ghost,Poison,134.0,0.1,0.05,40.5,1.5,No,1,2878
Onix,95,111.0,85.0,232.0,Rock,Ground,99.0,0.2,0.09,210.0,8.8,No,1,1101
Drowzee,96,155.0,89.0,136.0,Psychic,None,134.0,0.5,0.1,32.4,1.0,No,1,1040
Hypno,97,198.0,144.0,193.0,Psychic,None,168.0,0.2,0.06,75.6,1.6,No,1,2090
Krabby,98,102.0,181.0,124.0,Water,None,92.0,0.5,0.15,6.5,0.4,No,1,1561
Kingler,99,146.0,240.0,181.0,Water,None,127.0,0.2,0.07,60.0,1.3,No,1,2829
Voltorb,100,120.0,109.0,111.0,Electric,None,106.0,0.5,0.1,10.4,0.5,No,1,1010
Electrode,101,155.0,173.0,173.0,Electric,None,134.0,0.2,0.06,66.6,1.2,No,1,2099
Exeggcute,102,155.0,107.0,125.0,Grass,Psychic,134.0,0.5,0.1,2.5,0.4,No,1,1175
Exeggutor,103,216.0,233.0,149.0,Grass,Psychic,182.0,0.2,0.06,120.0,2.0,No,1,3014
Cubone,104,137.0,90.0,144.0,Ground,None,120.0,0.4,0.1,6.5,0.4,No,1,1019
Marowak,105,155.0,144.0,186.0,Ground,None,134.0,0.15,0.06,45.0,1.0,No,1,1835
Hitmonlee,106,137.0,224.0,181.0,Fighting,None,120.0,0.2,0.09,49.8,1.5,No,1,2576
Hitmonchan,107,137.0,193.0,197.0,Fighting,None,120.0,0.2,0.09,50.2,1.4,No,1,2332
Lickitung,108,207.0,108.0,137.0,Normal,None,175.0,0.2,0.09,65.5,1.2,No,1,1411
Koffing,109,120.0,119.0,141.0,Poison,None,106.0,0.5,0.1,1.0,0.6,No,1,1214
Weezing,110,163.0,174.0,197.0,Poison,None,140.0,0.2,0.06,9.5,1.2,No,1,2293
Rhyhorn,111,190.0,140.0,127.0,Ground,Rock,162.0,0.5,0.1,115.0,1.0,No,1,1651
Rhydon,112,233.0,222.0,171.0,Ground,Rock,195.0,0.05,0.06,120.0,1.9,No,1,3179
Chansey,113,487.0,60.0,128.0,Normal,None,396.0,0.2,0.09,34.6,1.1,No,1,1255
Tangela,114,163.0,183.0,169.0,Grass,None,140.0,0.4,0.09,35.0,1.0,No,1,2238
Kangaskhan,115,233.0,181.0,165.0,Normal,None,195.0,0.2,0.09,80.0,2.2,No,1,2586
Horsea,116,102.0,129.0,103.0,Water,None,92.0,0.5,0.1,8.0,0.4,No,1,1056
Seadra,117,146.0,187.0,156.0,Water,None,127.0,0.2,0.06,25.0,1.2,No,1,2093
Goldeen,118,128.0,123.0,110.0,Water,None,113.0,0.5,0.15,15.0,0.6,No,1,1152
Seaking,119,190.0,175.0,147.0,Water,None,162.0,0.2,0.07,39.0,1.3,No,1,2162
Staryu,120,102.0,137.0,112.0,Water,None,92.0,0.5,0.15,34.5,0.8,No,1,1157
Starmie,121,155.0,210.0,184.0,Water,Psychic,134.0,0.2,0.06,80.0,1.1,No,1,2584
Mr.,122,120.0,192.0,205.0,Psychic,Fairy,106.0,0.3,0.09,54.5,1.3,No,1,2228
Scyther,123,172.0,218.0,170.0,Bug,Flying,147.0,0.3,0.09,56.0,1.5,No,1,2706
Jynx,124,163.0,223.0,151.0,Ice,Psychic,140.0,0.3,0.09,40.6,,No,1,2555
Electabuzz,125,163.0,198.0,158.0,Electric,None,140.0,0.2,0.09,30.0,1.1,No,1,2334
Magmar,126,163.0,206.0,154.0,Fire,None,140.0,0.2,0.09,44.5,1.3,No,1,2394
Pinsir,127,163.0,238.0,182.0,Bug,None,140.0,0.3,0.09,55.0,1.5,No,1,2959
Tauros,128,181.0,198.0,183.0,Normal,None,154.0,0.3,0.09,88.4,1.4,No,1,2620
Magikarp,129,85.0,29.0,85.0,Water,None,79.0,0.7,0.15,10.0,,No,1,274
Gyarados,130,216.0,237.0,186.0,Water,Flying,182.0,0.1,0.07,235.0,6.5,No,1,3391
Lapras,131,277.0,165.0,174.0,Water,Ice,230.0,0.05,0.09,220.0,2.5,No,1,2641
Ditto,132,134.0,91.0,91.0,Normal,None,117.0,0.2,0.1,4.0,0.3,No,1,832
Eevee,133,146.0,104.0,114.0,Normal,None,127.0,0.4,0.1,6.5,0.3,No,1,1071
Vaporeon,134,277.0,205.0,161.0,Water,None,230.0,0.125,0.06,29.0,1.0,No,1,3114
Jolteon,135,163.0,232.0,182.0,Electric,None,140.0,0.125,0.06,24.5,0.8,No,1,2888
Flareon,136,163.0,246.0,179.0,Fire,None,140.0,0.125,0.06,25.0,0.9,No,1,3029
Porygon,137,163.0,153.0,136.0,Normal,None,140.0,0.4,0.09,36.5,0.8,No,1,1720
Omanyte,138,111.0,155.0,153.0,Rock,Water,99.0,0.4,0.09,7.5,0.4,No,1,1544
Omastar,139,172.0,207.0,201.0,Rock,Water,147.0,0.15,0.05,35.0,1.0,No,1,2786
Kabuto,140,102.0,148.0,140.0,Rock,Water,92.0,0.4,0.09,11.5,0.5,No,1,1370
Kabutops,141,155.0,220.0,186.0,Rock,Water,134.0,0.15,0.05,40.5,1.3,No,1,2713
Aerodactyl,142,190.0,221.0,159.0,Rock,Flying,162.0,0.2,0.09,59.0,1.8,No,1,2783
Snorlax,143,330.0,190.0,169.0,Normal,None,272.0,0.05,0.09,460.0,2.1,No,1,3225
Articuno,144,207.0,192.0,236.0,Ice,Flying,175.0,0.03,0.1,55.4,1.7,Sí,1,3051
Zapdos,145,207.0,253.0,185.0,Electric,Flying,175.0,0.03,0.1,52.6,1.6,Sí,1,3527
Moltres,146,207.0,251.0,181.0,Fire,Flying,175.0,0.03,0.1,60.0,2.0,Sí,1,3465
Dratini,147,121.0,119.0,91.0,Dragon,None,107.0,0.4,0.09,3.3,1.8,No,1,1004
Dragonair,148,156.0,163.0,135.0,Dragon,None,135.0,0.1,0.06,16.5,4.0,No,1,1780
Dragonite,149,209.0,263.0,198.0,Dragon,Flying,177.0,0.05,0.05,210.0,2.2,No,1,3792
Mewtwo,150,214.0,300.0,182.0,Psychic,None,180.0,0.06,0.1,122.0,2.0,Sí,1,4178
Mew,151,225.0,210.0,210.0,Psychic,None,189.0,1.0,0.0,4.0,0.4,Sí,1,3265
Chikorita,152,128.0,92.0,122.0,Grass,None,113.0,0.2,0.1,6.4,0.89,No,2,935
Bayleef,153,155.0,122.0,155.0,Grass,None,134.0,0.125,0.07,15.8,1.19,No,2,1454
Meganium,154,190.0,168.0,202.0,Grass,None,162.0,0.05,0.05,100.5,1.8,No,2,2410
Cyndaquil,155,118.0,116.0,93.0,Fire,None,105.0,0.2,0.1,7.9,0.51,No,2,980
Quilava,156,151.0,158.0,126.0,Fire,None,131.0,0.125,0.07,19.0,0.89,No,2,1653
Typhlosion,157,186.0,223.0,173.0,Fire,None,158.0,0.05,0.05,79.5,1.7,No,2,2889
Totodile,158,137.0,117.0,109.0,Water,None,120.0,0.2,0.1,9.5,0.61,No,2,1131
Croconaw,159,163.0,150.0,142.0,Water,None,140.0,0.125,0.07,25.0,1.09,No,2,1722
Feraligatr,160,198.0,205.0,188.0,Water,None,168.0,0.05,0.05,88.8,2.31,No,2,2857
Sentret,161,111.0,79.0,73.0,Normal,None,99.0,0.5,0.2,6.0,0.79,No,2,618
Furret,162,198.0,148.0,125.0,Normal,None,168.0,0.15,0.07,32.5,1.8,No,2,1758
Hoothoot,163,155.0,67.0,88.0,Normal,Flying,134.0,0.5,0.15,21.2,0.71,,2,677
Noctowl,164,225.0,145.0,156.0,Normal,Flying,189.0,0.15,0.07,40.8,1.6,No,2,2024
Ledyba,165,120.0,72.0,118.0,Bug,Flying,106.0,0.5,0.2,10.8,0.99,No,2,728
Ledian,166,146.0,107.0,179.0,Bug,Flying,127.0,0.15,0.07,35.6,1.4,No,2,1346
Spinarak,167,120.0,105.0,73.0,Bug,Poison,106.0,0.5,0.2,8.5,0.51,No,2,816
Ariados,168,172.0,161.0,124.0,Bug,Poison,147.0,0.15,0.07,33.5,1.09,No,2,1772
Crobat,169,198.0,194.0,178.0,Poison,Flying,168.0,0.1,0.05,75.0,1.8,No,2,2646
Chinchou,170,181.0,106.0,97.0,Water,Electric,154.0,0.4,0.1,12.0,0.51,No,2,1119
Lanturn,171,268.0,146.0,137.0,Water,Electric,223.0,0.15,0.07,22.5,1.19,No,2,2085
Pichu,172,85.0,77.0,53.0,Electric,None,79.0,0.0,0.05,2.0,0.3,No,2,473
Cleffa,173,137.0,75.0,79.0,Fairy,None,120.0,0.0,0.05,3.0,0.3,No,2,671
Igglybuff,174,207.0,69.0,32.0,Normal,Fairy,175.0,0.0,0.05,1.0,0.3,No,2,535
Togepi,175,111.0,67.0,116.0,Fairy,None,99.0,0.0,0.05,1.5,0.3,No,2,657
Togetic,176,,,,,,,,,3.2,0.61,No,2,1708
Natu,177,120.0,134.0,89.0,Psychic,Flying,106.0,0.4,0.15,2.0,0.2,No,2,1102
Xatu,178,163.0,192.0,146.0,Psychic,Flying,140.0,0.15,0.07,15.0,1.5,No,2,2188
Mareep,179,146.0,114.0,79.0,Electric,None,127.0,0.5,0.1,7.8,0.61,No,2,991
Flaaffy,180,172.0,145.0,109.0,Electric,None,147.0,0.25,0.07,13.3,0.79,No,2,1521
Ampharos,181,207.0,211.0,169.0,Electric,None,175.0,0.125,0.05,61.5,1.4,No,2,2852
Bellossom,182,181.0,169.0,186.0,Grass,None,154.0,0.05,0.05,5.8,0.41,No,2,2281
Marill,183,172.0,37.0,93.0,Water,Fairy,147.0,0.5,0.1,8.5,0.41,No,2,461
Azumarill,184,225.0,112.0,152.0,Water,Fairy,189.0,0.15,0.07,28.5,0.79,No,2,1588
Sudowoodo,185,172.0,167.0,176.0,Rock,None,147.0,0.125,0.05,38.0,1.19,No,2,2148
Politoed,186,207.0,174.0,179.0,Water,None,175.0,0.1,0.05,33.9,1.09,No,2,2449
Hoppip,187,111.0,67.0,94.0,Grass,Flying,99.0,0.5,0.12,0.5,0.41,No,2,600
Skiploom,188,146.0,91.0,120.0,Grass,Flying,127.0,0.25,0.07,1.0,0.61,No,2,976
Jumpluff,189,181.0,118.0,183.0,Grass,Flying,154.0,0.125,0.05,3.0,0.79,No,2,1636
Aipom,190,146.0,136.0,112.0,Normal,None,127.0,0.2,0.09,11.5,0.79,No,2,1348
Sunkern,191,102.0,55.0,55.0,Grass,None,92.0,0.5,0.09,1.8,0.3,No,2,395
Sunflora,192,181.0,185.0,135.0,Grass,None,154.0,0.1,0.07,8.5,0.79,No,2,2141
Yanma,193,163.0,154.0,94.0,Bug,Flying,140.0,0.3,0.1,38.0,1.19,No,2,1470
Wooper,194,146.0,75.0,66.0,Water,Ground,127.0,0.4,0.1,8.5,0.41,No,2,641
Quagsire,195,216.0,152.0,143.0,Water,Ground,182.0,0.15,0.07,75.0,1.4,No,2,1992
Espeon,196,163.0,261.0,175.0,Psychic,None,140.0,0.125,0.05,26.5,0.89,No,2,3170
Umbreon,197,216.0,126.0,240.0,Dark,None,182.0,0.125,0.05,27.0,0.99,No,2,2137
Murkrow,198,155.0,175.0,87.0,Dark,Flying,134.0,0.2,0.1,2.1,0.51,No,2,1562
Slowking,199,216.0,177.0,180.0,Water,Psychic,182.0,0.1,0.05,79.5,2.01,No,2,2545
Misdreavus,200,155.0,167.0,154.0,Ghost,None,134.0,0.3,0.07,1.0,0.71,No,2,1926
Unown,201,134.0,136.0,91.0,Psychic,None,117.0,0.3,0.1,5.0,0.51,No,2,1185
Wobbuffet,202,382.0,60.0,106.0,Psychic,None,313.0,0.25,0.07,28.5,1.3,No,2,1026
Girafarig,203,172.0,182.0,133.0,Normal,Psychic,147.0,0.3,0.07,41.5,1.5,No,2,2046
Pineco,204,137.0,108.0,122.0,Bug,None,120.0,0.4,0.12,7.2,0.61,No,2,1108
Forretress,205,181.0,161.0,205.0,Bug,Steel,154.0,0.15,0.07,125.8,1.19,No,2,2282
Dunsparce,206,225.0,131.0,128.0,Normal,None,189.0,0.3,0.2,14.0,1.5,No,2,1689
Gligar,207,163.0,143.0,184.0,Ground,Flying,140.0,0.2,0.07,64.8,1.09,No,2,1857
Steelix,208,181.0,148.0,272.0,Steel,Ground,154.0,0.1,0.05,400.0,9.19,No,2,2414
Snubbull,209,155.0,137.0,85.0,Fairy,None,134.0,0.4,0.1,7.8,0.61,No,2,1237
Granbull,210,207.0,212.0,131.0,Fairy,None,175.0,0.15,0.08,48.7,1.4,No,2,2552
Qwilfish,211,163.0,184.0,138.0,Water,Poison,140.0,0.3,0.08,3.9,0.51,No,2,2051
Scizor,212,172.0,236.0,181.0,Bug,Steel,147.0,0.05,0.05,125.0,2.01,No,2,3001
Shuckle,213,85.0,17.0,396.0,Bug,Rock,79.0,0.3,0.07,20.5,0.61,No,2,405
Heracross,214,190.0,234.0,179.0,Bug,Fighting,162.0,0.3,0.09,54.0,1.5,No,2,3101
Sneasel,215,146.0,189.0,146.0,Dark,Ice,127.0,0.2,0.07,28.0,0.89,No,2,2051
Teddiursa,216,155.0,142.0,93.0,Normal,None,134.0,0.5,0.2,8.8,0.61,No,2,1328
Ursaring,217,207.0,236.0,144.0,Normal,None,175.0,0.15,0.07,125.8,1.8,No,2,2945
Slugma,218,120.0,118.0,71.0,Fire,None,106.0,0.3,0.1,35.0,0.71,No,2,895
Magcargo,219,137.0,139.0,191.0,Fire,Rock,120.0,0.125,0.06,55.0,0.79,No,2,1702
Swinub,220,137.0,90.0,69.0,Ice,Ground,120.0,0.3,0.1,6.5,0.41,No,2,741
Piloswine,221,225.0,181.0,138.0,Ice,Ground,189.0,0.125,0.06,55.8,1.09,No,2,2345
Corsola,222,146.0,118.0,156.0,Water,Rock,127.0,0.3,0.12,5.0,0.61,No,2,1378
Remoraid,223,111.0,127.0,69.0,Water,None,99.0,0.5,0.1,12.0,0.61,No,2,912
Octillery,224,181.0,197.0,141.0,Water,None,154.0,0.15,0.07,28.5,0.89,No,2,2315
Delibird,225,128.0,128.0,90.0,Ice,Flying,113.0,0.2,0.2,16.0,0.89,No,2,1094
Mantine,226,163.0,148.0,226.0,Water,Flying,140.0,0.3,0.07,220.0,2.11,No,2,2108
Skarmory,227,163.0,148.0,226.0,Steel,Flying,140.0,0.2,0.09,50.5,1.7,No,2,2108
Houndour,228,128.0,152.0,83.0,Dark,Fire,113.0,0.4,0.1,10.8,0.61,No,2,1234
Houndoom,229,181.0,224.0,144.0,Dark,Fire,154.0,0.15,0.06,35.0,1.4,No,2,2635
Kingdra,230,181.0,194.0,194.0,Water,Dragon,154.0,0.1,0.05,152.0,1.8,No,2,2641
Phanpy,231,207.0,107.0,98.0,Ground,None,175.0,0.5,0.2,33.5,0.51,No,2,1206
Donphan,232,207.0,214.0,185.0,Ground,None,175.0,0.125,0.07,120.0,1.09,No,2,3013
Porygon2,233,198.0,198.0,180.0,Normal,None,168.0,0.05,0.05,32.5,0.61,No,2,2711
Stantler,234,177.0,192.0,131.0,Normal,None,151.0,0.3,0.08,71.2,1.4,No,2,2164
Smeargle,235,146.0,40.0,83.0,Normal,None,127.0,0.25,0.07,58.0,1.19,No,2,431
Tyrogue,236,111.0,64.0,64.0,Fighting,None,99.0,0.0,0.2,21.0,0.71,No,2,492
Hitmontop,237,137.0,173.0,207.0,Fighting,None,120.0,0.1,0.05,48.0,1.4,No,2,2156
Smoochum,238,128.0,153.0,91.0,Ice,Psychic,113.0,0.0,0.2,6.0,0.41,No,2,1291
Elekid,239,128.0,135.0,101.0,Electric,None,113.0,0.0,0.2,23.5,0.61,No,2,1206
Magby,240,128.0,151.0,99.0,Fire,None,113.0,0.0,0.2,21.4,0.71,No,2,1323
Miltank,241,216.0,157.0,193.0,Normal,None,182.0,0.2,0.08,75.5,1.19,No,2,2354
Blissey,242,496.0,129.0,169.0,Normal,None,403.0,0.05,0.05,46.8,1.5,No,2,2757
Raikou,243,207.0,241.0,195.0,Electric,None,175.0,0.02,0.04,178.0,1.91,Sí,2,3452
Entei,244,251.0,235.0,171.0,Fire,None,210.0,0.02,0.04,198.0,2.11,Sí,2,3473
Suicune,245,225.0,180.0,235.0,Water,None,189.0,0.02,0.04,187.0,2.01,Sí,2,2983
Larvitar,246,137.0,115.0,93.0,Rock,Ground,120.0,0.4,0.1,72.0,0.61,No,2,1040
Pupitar,247,172.0,155.0,133.0,Rock,Ground,147.0,0.1,0.07,152.0,1.19,No,2,1766
Tyranitar,248,225.0,251.0,207.0,Rock,Dark,189.0,0.05,0.04,202.0,2.01,No,2,3834
Lugia,249,,,,,,,,,216.0,5.21,Sí,2,3703
Ho-Oh,250,214.0,239.0,244.0,Fire,Flying,180.0,0.02,0.04,199.0,3.81,No,2,3863
Celebi,251,225.0,210.0,210.0,Psychic,Grass,189.0,1.0,0.0,5.0,0.61,No,2,3265
Treecko,252,120.0,124.0,94.0,Grass,None,106.0,0.2,0.1,5.0,0.51,No,3,1053
Grovyle,253,137.0,172.0,120.0,Grass,None,120.0,0.1,0.07,21.6,0.89,No,3,1673
Sceptile,254,172.0,223.0,169.0,Grass,None,147.0,0.05,0.05,52.2,1.7,No,3,2757
Torchic,255,128.0,130.0,87.0,Fire,None,113.0,0.2,0.1,2.5,0.41,No,3,1093
Combusken,256,155.0,163.0,115.0,Fire,Fighting,134.0,0.1,0.07,19.5,0.89,No,3,1652
Blaziken,257,190.0,240.0,141.0,Fire,Fighting,162.0,0.05,0.05,52.0,1.91,No,3,2848
Mudkip,258,137.0,126.0,93.0,Water,None,120.0,0.2,0.1,7.6,0.41,No,3,1128
Marshtomp,259,172.0,156.0,133.0,Water,Ground,147.0,0.1,0.07,28.0,0.71,No,3,1776
Swampert,260,225.0,208.0,175.0,Water,Ground,189.0,0.05,0.05,81.9,1.5,No,3,2974
Poochyena,261,111.0,96.0,61.0,Dark,None,99.0,0.5,0.2,13.6,0.51,No,3,678
Mightyena,262,172.0,171.0,132.0,Dark,None,147.0,0.2,0.07,37.0,0.99,No,3,1926
Zigzagoon,263,116.0,58.0,80.0,Normal,None,103.0,0.5,0.2,17.5,0.41,No,3,508
Linoone,264,186.0,142.0,128.0,Normal,None,158.0,0.2,0.07,32.5,0.51,No,3,1662
Wurmple,265,128.0,75.0,59.0,Bug,None,113.0,0.5,0.2,3.6,0.3,No,3,578
Silcoon,266,137.0,60.0,77.0,Bug,None,120.0,0.25,0.09,10.0,0.61,No,3,553
Beautifly,267,155.0,189.0,98.0,Bug,Flying,134.0,0.125,0.06,28.4,0.99,No,3,1765
Cascoon,268,137.0,60.0,77.0,Bug,None,120.0,0.25,0.09,11.5,0.71,No,3,553
Dustox,269,155.0,98.0,162.0,Bug,Poison,134.0,0.125,0.06,31.6,1.19,No,3,1224
Lotad,270,120.0,71.0,77.0,Water,Grass,106.0,0.5,0.2,2.6,0.51,No,3,598
Lombre,271,155.0,112.0,119.0,Water,Grass,134.0,0.25,0.09,32.5,1.19,No,3,1197
Ludicolo,272,190.0,173.0,176.0,Water,Grass,162.0,0.125,0.06,55.0,1.5,No,3,2323
Seedot,273,120.0,71.0,77.0,Grass,None,106.0,0.5,0.2,4.0,0.51,No,3,598
Nuzleaf,274,172.0,134.0,78.0,Grass,Dark,147.0,0.25,0.09,28.0,0.99,No,3,1227
Shiftry,275,207.0,200.0,121.0,Grass,Dark,175.0,0.125,0.06,59.6,1.3,No,3,2333
Taillow,276,120.0,106.0,61.0,Normal,Flying,106.0,0.5,0.2,2.3,0.3,No,3,765
Swellow,277,155.0,185.0,124.0,Normal,Flying,134.0,0.2,0.07,19.8,0.71,No,3,1920
Wingull,278,120.0,106.0,61.0,Water,Flying,106.0,0.5,0.2,9.5,0.61,No,3,765
Pelipper,279,155.0,175.0,174.0,Water,Flying,134.0,0.2,0.07,28.0,1.19,No,3,2127
Ralts,280,99.0,79.0,59.0,Psychic,Fairy,90.0,0.4,0.09,6.6,0.41,No,3,539
Kirlia,281,116.0,117.0,90.0,Psychic,Fairy,103.0,0.1,0.06,20.2,0.79,No,3,966
Gardevoir,282,169.0,237.0,195.0,Psychic,Fairy,145.0,0.05,0.05,48.4,1.6,No,3,3093
Surskit,283,120.0,93.0,87.0,Bug,Water,106.0,0.5,0.2,1.7,0.51,No,3,791
Masquerain,284,172.0,192.0,150.0,Bug,Flying,147.0,0.2,0.07,3.6,0.79,No,3,2270
Shroomish,285,155.0,74.0,110.0,Grass,None,134.0,0.5,0.2,4.5,0.41,No,3,810
Breloom,286,155.0,241.0,144.0,Grass,Fighting,134.0,0.2,0.07,39.2,1.19,No,3,2628
Slakoth,287,155.0,104.0,92.0,Normal,None,134.0,0.4,0.09,24.0,0.79,No,3,1002
Vigoroth,288,190.0,159.0,145.0,Normal,None,162.0,0.1,0.06,46.5,1.4,No,3,1968
Slaking,289,284.0,290.0,166.0,Normal,None,236.0,0.05,0.05,130.5,2.01,No,3,4431
Nincada,290,104.0,80.0,126.0,Bug,Ground,94.0,0.2,0.1,5.5,0.51,No,3,768
Ninjask,291,156.0,199.0,112.0,Bug,Flying,135.0,0.1,0.07,12.0,0.79,No,3,1969
Shedinja,292,1.0,153.0,73.0,Bug,Ghost,12.0,0.05,0.05,1.2,0.79,No,3,393
Whismur,293,162.0,92.0,42.0,Normal,None,139.0,0.5,0.2,16.3,0.61,No,3,671
Loudred,294,197.0,134.0,81.0,Normal,None,167.0,0.25,0.09,40.5,0.99,No,3,1327
Exploud,295,232.0,179.0,137.0,Normal,None,195.0,0.125,0.06,84.0,1.5,No,3,2347
Makuhita,296,176.0,99.0,54.0,Fighting,None,150.0,0.5,0.1,86.4,0.99,No,3,817
Hariyama,297,302.0,209.0,114.0,Fighting,None,250.0,0.2,0.06,253.8,2.31,No,3,2829
Azurill,298,137.0,36.0,71.0,Normal,Fairy,120.0,0.1,0.04,2.0,0.2,No,3,364
Nosepass,299,102.0,82.0,215.0,Rock,None,92.0,0.2,0.09,97.0,0.99,No,3,993
Skitty,300,137.0,84.0,79.0,Normal,None,120.0,0.5,0.1,11.0,0.61,No,3,739
Delcatty,301,172.0,132.0,127.0,Normal,None,147.0,0.2,0.06,32.6,1.09,No,3,1496
Sableye,302,137.0,141.0,136.0,Dark,Ghost,120.0,0.2,0.07,11.0,0.51,No,3,1476
Mawile,303,137.0,155.0,141.0,Steel,Fairy,120.0,0.5,0.09,11.5,0.61,No,3,1634
Aron,304,137.0,121.0,141.0,Steel,Rock,120.0,0.5,0.2,60.0,0.41,No,3,1307
Lairon,305,155.0,158.0,198.0,Steel,Rock,134.0,0.25,0.09,120.0,0.89,No,3,2056
Aggron,306,172.0,198.0,257.0,Steel,Rock,147.0,0.125,0.06,360.0,2.11,No,3,3000
Meditite,307,102.0,78.0,107.0,Fighting,Psychic,92.0,0.5,0.1,11.2,0.61,No,3,693
Medicham,308,155.0,121.0,152.0,Fighting,Psychic,134.0,0.2,0.06,31.5,1.3,No,3,1431
Electrike,309,120.0,123.0,78.0,Electric,None,106.0,0.5,0.1,15.2,0.61,No,3,965
Manectric,310,172.0,215.0,127.0,Electric,None,147.0,0.2,0.06,40.2,1.5,No,3,2340
Plusle,311,155.0,167.0,129.0,Electric,None,134.0,0.3,0.09,4.2,0.41,No,3,1778
Minun,312,155.0,147.0,150.0,Electric,None,134.0,0.3,0.09,4.2,0.41,No,3,1694
Volbeat,313,163.0,143.0,166.0,Bug,None,140.0,0.3,0.09,17.7,0.71,No,3,1771
Illumise,314,163.0,143.0,166.0,Bug,None,140.0,0.3,0.09,17.7,0.61,No,3,1771
Roselia,315,137.0,186.0,131.0,Grass,Poison,120.0,0.3,0.09,2.0,0.3,No,3,1870
Gulpin,316,172.0,80.0,99.0,Poison,None,147.0,0.5,0.1,10.3,0.41,No,3,866
Swalot,317,225.0,140.0,159.0,Poison,None,189.0,0.2,0.06,80.0,1.7,No,3,1978
Carvanha,318,128.0,171.0,39.0,Water,Dark,113.0,0.5,0.1,20.8,0.79,No,3,1020
Sharpedo,319,172.0,243.0,83.0,Water,Dark,147.0,0.2,0.06,88.8,1.8,No,3,2181
Wailmer,320,277.0,136.0,68.0,Water,None,230.0,0.5,0.1,130.0,2.01,No,3,1468
Wailord,321,347.0,175.0,87.0,Water,None,286.0,0.2,0.06,398.0,14.5,No,3,2280
Numel,322,155.0,119.0,79.0,Fire,Ground,134.0,0.5,0.1,24.0,0.71,No,3,1057
Camerupt,323,172.0,194.0,136.0,Fire,Ground,147.0,0.2,0.06,220.0,1.91,No,3,2193
Torkoal,324,172.0,151.0,203.0,Fire,None,147.0,0.3,0.09,80.4,0.51,No,3,2093
Spoink,325,155.0,125.0,122.0,Psychic,None,134.0,0.5,0.1,30.6,0.71,No,3,1334
Grumpig,326,190.0,171.0,188.0,Psychic,None,162.0,0.2,0.06,71.5,0.89,No,3,2369
Spinda,327,155.0,116.0,116.0,Normal,None,134.0,0.3,0.09,5.0,1.09,No,3,1220
Trapinch,328,128.0,162.0,78.0,Ground,None,113.0,0.4,0.09,15.0,0.71,No,3,1274
Vibrava,329,137.0,134.0,99.0,Ground,Dragon,120.0,0.1,0.06,15.3,1.09,No,3,1225
Flygon,330,190.0,205.0,168.0,Ground,Dragon,162.0,0.05,0.05,82.0,2.01,No,3,2661
Cacnea,331,137.0,156.0,74.0,Grass,None,120.0,0.5,0.1,51.3,0.41,No,3,1242
Cacturne,332,172.0,221.0,115.0,Grass,Dark,147.0,0.2,0.06,77.4,1.3,No,3,2298
Swablu,333,128.0,76.0,132.0,Normal,Flying,113.0,0.5,0.1,1.2,0.41,No,3,824
Altaria,334,181.0,141.0,201.0,Dragon,Flying,154.0,0.2,0.06,20.6,1.09,No,3,2004
Zangoose,335,177.0,222.0,124.0,Normal,None,151.0,0.3,0.09,40.3,1.3,No,3,2418
Seviper,336,177.0,196.0,118.0,Poison,None,151.0,0.3,0.09,52.5,2.69,No,3,2105
Lunatone,337,207.0,178.0,153.0,Rock,Psychic,175.0,0.3,0.09,168.0,0.99,No,3,2327
Solrock,338,207.0,178.0,153.0,Rock,Psychic,175.0,0.3,0.09,154.0,1.19,No,3,2327
Barboach,339,137.0,93.0,82.0,Water,Ground,120.0,0.5,0.1,1.9,0.41,No,3,819
Whiscash,340,242.0,151.0,141.0,Water,Ground,203.0,0.2,0.06,23.6,0.89,No,3,2075
Corphish,341,125.0,141.0,99.0,Water,None,110.0,0.5,0.1,11.5,0.61,No,3,1230
Crawdaunt,342,160.0,224.0,142.0,Water,Dark,138.0,0.2,0.06,32.8,1.09,No,3,2474
Baltoy,343,120.0,77.0,124.0,Ground,Psychic,106.0,0.5,0.1,21.5,0.51,No,3,787
Claydol,344,155.0,140.0,229.0,Ground,Psychic,134.0,0.2,0.06,108.0,1.5,No,3,1971
Lileep,345,165.0,105.0,150.0,Rock,Grass,142.0,0.5,0.1,23.8,0.99,No,3,1291
Cradily,346,,,,,,,,,60.4,1.5,No,3,2211
Anorith,347,128.0,176.0,100.0,Rock,Bug,113.0,0.5,0.1,12.5,0.71,No,3,1529
Armaldo,348,181.0,222.0,174.0,Rock,Bug,154.0,0.2,0.06,68.2,1.5,No,3,2848
Feebas,349,85.0,29.0,85.0,Water,None,79.0,0.7,0.15,7.4,0.61,No,3,274
Milotic,350,216.0,192.0,219.0,Water,None,182.0,0.1,0.07,162.0,6.2,No,3,3005
Castform,351,172.0,139.0,139.0,Normal,None,147.0,0.3,0.1,0.8,0.3,No,3,1632
Kecleon,352,155.0,161.0,189.0,Normal,None,134.0,0.3,0.1,22.0,0.99,No,3,2047
Shuppet,353,127.0,138.0,65.0,Ghost,None,112.0,0.4,0.1,2.3,,No,3,1018
Banette,354,162.0,218.0,126.0,Ghost,None,139.0,0.2,0.07,12.5,1.09,No,3,2298
Duskull,355,85.0,70.0,162.0,Ghost,None,79.0,0.4,0.1,15.0,0.79,No,3,706
Dusclops,356,120.0,124.0,234.0,Ghost,None,106.0,0.2,0.07,30.6,1.6,No,3,1591
Tropius,357,223.0,136.0,163.0,Grass,Flying,188.0,0.3,0.1,100.0,2.01,No,3,1941
Chimecho,358,181.0,175.0,170.0,Psychic,None,154.0,0.3,0.1,1.0,0.61,No,3,2259
Absol,359,163.0,246.0,120.0,Dark,None,140.0,0.5,0.1,47.0,1.19,No,3,2526
Wynaut,360,216.0,41.0,86.0,Psychic,None,182.0,0.3,0.1,14.0,0.61,No,3,534
Snorunt,361,137.0,95.0,95.0,Ice,None,120.0,0.5,0.1,16.8,0.71,No,3,888
Glalie,362,190.0,162.0,162.0,Ice,None,162.0,0.2,0.06,256.5,1.5,No,3,2105
Spheal,363,172.0,95.0,90.0,Ice,Water,147.0,0.5,0.1,39.5,0.79,No,3,962
Sealeo,364,207.0,137.0,132.0,Ice,Water,175.0,0.25,0.07,87.6,1.09,No,3,1714
Walrein,365,242.0,182.0,176.0,Ice,Water,203.0,0.125,0.05,150.6,1.4,No,3,2726
Clamperl,366,111.0,133.0,135.0,Water,None,99.0,0.5,0.1,52.5,0.41,No,3,1270
Huntail,367,146.0,197.0,179.0,Water,None,127.0,0.2,0.06,27.0,1.7,No,3,2340
Gorebyss,368,146.0,211.0,179.0,Water,None,127.0,0.2,0.06,22.6,1.8,No,3,2494
Relicanth,369,225.0,162.0,203.0,Water,Rock,189.0,0.9,0.01,23.4,0.99,No,4,2528
Luvdisc,370,125.0,81.0,128.0,Water,None,110.0,0.3,0.1,8.7,0.61,No,4,848
Bagon,371,128.0,134.0,93.0,Dragon,None,113.0,0.4,0.09,42.1,0.61,No,4,1156
Shelgon,372,163.0,172.0,155.0,Dragon,None,140.0,0.1,0.06,110.5,1.09,No,4,2031
Salamence,373,216.0,277.0,168.0,Dragon,Flying,182.0,0.05,0.05,102.6,1.5,No,4,3749
Beldum,374,120.0,96.0,132.0,Steel,Psychic,106.0,0.4,0.09,95.2,0.61,No,4,976
Metang,375,155.0,138.0,176.0,Steel,Psychic,134.0,0.1,0.06,202.5,1.19,No,4,1721
Metagross,376,190.0,257.0,228.0,Steel,Psychic,162.0,0.05,0.05,550.0,1.6,No,4,3791
Regirock,377,190.0,179.0,309.0,Rock,None,162.0,0.02,0.01,230.0,1.7,Sí,4,3122
Regice,378,190.0,179.0,309.0,Ice,None,162.0,0.02,0.01,175.0,1.8,Sí,4,3122
Registeel,379,190.0,143.0,285.0,Steel,None,162.0,0.02,0.01,205.0,1.91,Sí,4,2447
Latias,380,190.0,228.0,246.0,Dragon,Psychic,162.0,0.02,0.01,40.0,1.4,Sí,4,3510
Latios,381,190.0,268.0,212.0,Dragon,Psychic,162.0,0.02,0.01,60.0,2.01,Sí,4,3812
Kyogre,382,205.0,270.0,228.0,Water,None,173.0,0.02,0.01,352.0,4.5,Sí,4,4115
Groudon,383,205.0,270.0,228.0,Ground,None,173.0,0.02,0.01,950.0,3.51,Sí,4,4115
Rayquaza,384,213.0,284.0,170.0,Dragon,Flying,180.0,0.02,0.01,206.5,7.01,Sí,4,3835
Jirachi,385,225.0,210.0,210.0,Steel,Psychic,189.0,1.0,0.0,1.1,0.3,Sí,4,3265
Deoxys,386,137.0,345.0,115.0,Psychic,None,120.0,0.06,0.01,60.8,1.7,No,4,3160
Turtwig,387,146.0,119.0,110.0,Grass,None,127.0,0.2,0.1,10.2,0.4,No,4,1187
Grotle,388,181.0,157.0,143.0,Grass,None,154.0,0.1,0.07,97.0,1.1,No,4,1890
Torterra,389,216.0,202.0,188.0,Grass,Ground,182.0,0.05,0.05,310.0,2.2,No,4,2934
Chimchar,390,127.0,113.0,86.0,Fire,None,112.0,0.2,0.1,6.2,0.5,No,4,957
Monferno,391,162.0,158.0,105.0,Fire,Fighting,139.0,0.1,0.07,22.0,0.9,No,4,1574
Infernape,392,183.0,222.0,151.0,Fire,Fighting,156.0,0.05,0.05,55.0,1.2,No,4,2683
Piplup,393,142.0,112.0,102.0,Water,None,124.0,0.2,0.1,5.2,0.4,No,4,1075
Prinplup,394,162.0,150.0,139.0,Water,None,139.0,0.1,0.07,23.0,0.8,No,4,1701
Empoleon,395,197.0,210.0,186.0,Water,Steel,167.0,0.05,0.05,84.5,1.7,No,4,2900
Starly,396,120.0,101.0,58.0,Normal,Flying,106.0,0.5,0.2,2.0,0.3,No,4,719
Staravia,397,146.0,142.0,94.0,Normal,Flying,127.0,0.25,0.09,15.5,0.6,No,4,1299
Staraptor,398,198.0,234.0,140.0,Normal,Flying,168.0,0.125,0.06,24.9,1.2,No,4,2825
Bidoof,399,153.0,80.0,73.0,Normal,None,132.0,0.5,0.2,20.0,0.5,No,4,721
Bibarel,400,188.0,162.0,119.0,Normal,Water,160.0,0.2,0.07,31.5,1.0,No,4,1823
Kricketot,401,114.0,45.0,74.0,Bug,None,101.0,0.5,0.2,2.2,0.3,No,4,401
Kricketune,402,184.0,160.0,100.0,Bug,None,157.0,0.2,0.07,25.5,1.0,No,4,1653
Shinx,403,128.0,117.0,64.0,Electric,None,113.0,0.5,0.1,9.5,0.5,No,4,876
Luxio,404,155.0,159.0,95.0,Electric,None,134.0,0.25,0.07,30.5,0.9,No,4,1486
Luxray,405,190.0,232.0,156.0,Electric,None,162.0,0.125,0.05,42.0,1.4,No,4,2888
Budew,406,120.0,91.0,109.0,Grass,Poison,106.0,0.1,0.04,1.2,0.2,No,4,856
Roserade,407,155.0,243.0,185.0,Grass,Poison,134.0,0.15,0.07,14.5,0.9,No,4,2971
Cranidos,408,167.0,218.0,71.0,Rock,None,143.0,0.5,0.1,31.5,0.9,No,4,1820
Rampardos,409,219.0,295.0,109.0,Rock,None,184.0,0.2,0.06,102.5,1.6,No,4,3298
Shieldon,410,102.0,76.0,195.0,Rock,Steel,92.0,0.5,0.1,57.0,0.5,No,4,890
Bastiodon,411,155.0,94.0,286.0,Rock,Steel,134.0,0.2,0.06,149.5,1.3,No,4,1539
Burmy,412,120.0,53.0,83.0,Bug,None,106.0,0.5,0.2,3.4,0.2,No,4,488
Wormadam,413,155.0,141.0,180.0,Bug,Grass,134.0,0.15,0.07,6.5,0.5,No,4,1773
Mothim,414,172.0,185.0,98.0,Bug,Flying,147.0,0.15,0.07,23.3,0.9,No,4,1815
Combee,415,102.0,59.0,83.0,Bug,Flying,92.0,0.15,0.07,5.5,0.3,No,4,494
Vespiquen,416,172.0,149.0,190.0,Bug,Flying,147.0,0.15,0.07,38.5,1.2,No,4,2005
Pachirisu,417,155.0,94.0,172.0,Electric,None,134.0,0.3,0.09,3.9,0.4,No,4,1213
Buizel,418,146.0,132.0,67.0,Water,None,127.0,0.5,0.1,29.5,0.7,No,4,1054
Floatzel,419,198.0,221.0,114.0,Water,None,168.0,0.2,0.06,33.5,1.1,No,4,2443
Cherubi,420,128.0,108.0,92.0,Grass,None,113.0,0.5,0.09,3.3,0.4,No,4,950
Cherrim,421,172.0,170.0,153.0,Grass,None,147.0,0.1,0.07,9.3,0.5,No,4,2048
Shellos,422,183.0,103.0,105.0,Water,None,156.0,0.5,0.1,6.3,0.3,No,4,1136
Gastrodon,423,244.0,169.0,143.0,Water,Ground,204.0,0.2,0.06,29.9,0.9,No,4,2324
Ambipom,424,181.0,205.0,143.0,Normal,None,154.0,0.2,0.06,20.3,1.2,No,4,2418
Drifloon,425,207.0,117.0,80.0,Ghost,Flying,175.0,0.4,0.1,1.2,0.4,No,4,1197
Drifblim,426,312.0,180.0,102.0,Ghost,Flying,258.0,0.2,0.07,15.0,1.2,No,4,2382
Buneary,427,146.0,130.0,105.0,Normal,None,127.0,0.5,0.1,5.5,0.4,No,4,1258
Lopunny,428,163.0,156.0,194.0,Normal,None,140.0,0.2,0.06,33.3,1.2,No,4,2059
Mismagius,429,155.0,211.0,187.0,Ghost,None,134.0,0.1,0.07,4.4,0.9,No,4,2615
Honchkrow,430,225.0,243.0,103.0,Dark,Flying,189.0,0.1,0.07,27.3,0.9,No,4,2711
Glameow,431,135.0,109.0,82.0,Normal,None,118.0,0.4,0.1,3.9,0.5,No,4,934
Purugly,432,174.0,172.0,133.0,Normal,None,149.0,0.15,0.08,43.8,1.0,No,4,1953
Chingling,433,128.0,114.0,94.0,Psychic,None,113.0,0.1,0.04,0.6,0.2,No,4,1005
Stunky,434,160.0,121.0,90.0,Poison,Dark,138.0,0.5,0.1,19.2,0.4,No,4,1151
Skuntank,435,230.0,184.0,132.0,Poison,Dark,193.0,0.2,0.06,38.0,1.0,No,4,2358
Bronzor,436,149.0,43.0,154.0,Steel,Psychic,129.0,0.5,0.1,60.5,,No,4,603
Bronzong,437,167.0,161.0,213.0,Steel,Psychic,143.0,0.2,0.06,187.0,1.3,No,4,2239
Bonsly,438,137.0,124.0,133.0,Rock,None,120.0,0.1,0.04,15.0,0.5,No,4,1302
Mime,439,85.0,125.0,142.0,Psychic,Fairy,79.0,0.1,0.04,13.0,0.6,No,4,1095
Happiny,440,225.0,25.0,77.0,Normal,None,189.0,0.1,0.04,24.4,0.6,No,4,371
Chatot,441,183.0,183.0,91.0,Normal,Flying,156.0,0.3,0.09,1.9,0.5,No,4,1791
Spiritomb,442,137.0,169.0,199.0,Ghost,Dark,120.0,0.1,0.04,108.0,1.0,No,4,2072
Gible,443,151.0,124.0,84.0,Dragon,Ground,131.0,0.4,0.09,20.5,0.7,No,4,1112
Gabite,444,169.0,172.0,125.0,Dragon,Ground,145.0,0.1,0.06,56.0,1.4,No,4,1874
Garchomp,445,239.0,261.0,193.0,Dragon,Ground,200.0,0.05,0.05,95.0,1.9,No,4,3962
Munchlax,446,286.0,137.0,117.0,Normal,None,237.0,0.1,0.04,105.0,0.6,No,4,1892
Riolu,447,120.0,127.0,78.0,Fighting,None,106.0,0.0,0.2,20.2,0.7,No,4,993
Lucario,448,172.0,236.0,144.0,Fighting,Steel,147.0,0.1,0.05,54.0,1.2,No,4,2703
Hippopotas,449,169.0,124.0,118.0,Ground,None,145.0,0.4,0.1,49.5,0.8,No,4,1358
Hippowdon,450,239.0,201.0,191.0,Ground,None,200.0,0.15,0.08,300.0,2.0,No,4,3085
Skorupi,451,120.0,93.0,151.0,Poison,Bug,106.0,0.4,0.1,12.0,0.8,No,4,1009
Drapion,452,172.0,180.0,202.0,Poison,Dark,147.0,0.15,0.08,61.5,1.3,No,4,2453
Croagunk,453,134.0,116.0,76.0,Poison,Fighting,117.0,0.4,0.12,23.0,0.7,No,4,952
Toxicroak,454,195.0,211.0,133.0,Poison,Fighting,165.0,0.15,0.07,44.4,1.3,No,4,2488
Carnivine,455,179.0,187.0,136.0,Grass,None,153.0,0.9,0.01,27.0,1.4,No,4,2159
Finneon,456,135.0,96.0,116.0,Water,None,118.0,0.5,0.1,7.0,0.4,No,4,971
Lumineon,457,170.0,142.0,170.0,Water,None,146.0,0.2,0.06,24.0,1.2,No,4,1814
Mantyke,458,128.0,105.0,179.0,Water,Flying,113.0,0.1,0.04,65.0,1.0,No,4,1248
Snover,459,155.0,115.0,105.0,Grass,Ice,134.0,0.3,0.1,50.5,1.0,No,4,1159
Abomasnow,460,207.0,178.0,158.0,Grass,Ice,175.0,0.125,0.06,135.5,2.2,No,4,2362
Weavile,461,172.0,243.0,171.0,Dark,Ice,147.0,0.15,0.09,34.0,1.1,No,4,3005
Magnezone,462,172.0,238.0,205.0,Electric,Steel,147.0,0.125,0.05,180.0,1.2,No,4,3205
Lickilicky,463,242.0,161.0,181.0,Normal,None,203.0,0.15,0.09,140.0,1.7,No,4,2467
Rhyperior,464,251.0,241.0,190.0,Ground,Rock,210.0,0.05,0.05,282.8,2.4,No,4,3733
Tangrowth,465,225.0,207.0,184.0,Grass,None,189.0,0.15,0.1,128.6,2.0,No,4,3030
Electivire,466,181.0,249.0,163.0,Electric,None,154.0,0.15,0.1,138.6,1.8,No,4,3079
Magmortar,467,181.0,247.0,172.0,Fire,None,154.0,0.15,0.1,68.0,1.6,No,4,3132
Togekiss,468,198.0,225.0,217.0,Fairy,Flying,168.0,0.01,0.05,38.0,1.5,No,4,3332
Yanmega,469,200.0,231.0,156.0,Bug,Flying,169.0,0.175,0.05,51.5,1.9,No,4,2946
Leafeon,470,163.0,216.0,219.0,Grass,None,140.0,0.125,0.06,25.5,1.0,No,4,2944
Glaceon,471,163.0,238.0,205.0,Ice,None,140.0,0.125,0.06,25.9,0.8,No,4,3126
Gliscor,472,181.0,185.0,222.0,Ground,Flying,154.0,0.125,0.09,42.5,2.0,No,4,2692
Mamoswine,473,242.0,247.0,146.0,Ice,Ground,203.0,0.05,0.05,291.0,2.5,No,4,3328
Porygon-Z,474,198.0,264.0,150.0,Normal,None,168.0,0.05,0.05,34.0,0.9,No,4,3266
Gallade,475,169.0,237.0,195.0,Psychic,Fighting,145.0,0.5,0.05,52.0,1.6,No,4,3093
Probopass,476,155.0,135.0,275.0,Rock,Steel,134.0,0.1,0.07,340.0,1.4,No,4,2080
Dusknoir,477,128.0,180.0,254.0,Ghost,None,113.0,0.1,0.05,106.6,2.2,No,4,2388
Froslass,478,172.0,171.0,150.0,Ice,Ghost,147.0,0.2,0.07,26.6,1.3,No,4,2040
Rotom,479,137.0,185.0,159.0,Electric,Ghost,120.0,0.3,0.1,0.3,0.3,No,4,2031
Uxie,480,181.0,156.0,270.0,Psychic,None,154.0,0.02,0.0,0.3,0.3,Sí,4,2524
Mesprit,481,190.0,212.0,212.0,Psychic,None,162.0,0.02,0.0,0.3,0.3,Sí,4,3058
Azelf,482,181.0,270.0,151.0,Psychic,None,154.0,0.02,0.0,0.3,0.3,Sí,4,3210
Dialga,483,205.0,275.0,211.0,Steel,Dragon,173.0,0.02,0.04,683.0,5.4,Sí,4,4038
Palkia,484,189.0,280.0,215.0,Water,Dragon,161.0,0.02,0.04,336.0,4.2,Sí,4,3991
Heatran,485,209.0,251.0,213.0,Fire,Steel,177.0,0.02,0.04,430.0,1.7,Sí,4,3754
Regigigas,486,221.0,287.0,210.0,Normal,None,186.0,0.02,0.04,420.0,3.7,Sí,4,4346
Giratina,487,284.0,187.0,225.0,Ghost,Dragon,236.0,0.02,0.04,750.0,4.5,Sí,4,3379
Cresselia,488,260.0,152.0,258.0,Psychic,None,217.0,0.02,0.04,85.6,1.5,No,4,2857
Phione,489,190.0,162.0,162.0,Water,None,162.0,0.02,0.0,3.1,0.4,No,4,2105
Manaphy,490,225.0,210.0,210.0,Water,None,189.0,0.02,0.0,1.4,0.3,No,4,3265
Darkrai,491,172.0,285.0,198.0,Dark,None,147.0,0.02,0.0,50.5,1.5,Sí,4,3739
Shaymin,492,225.0,210.0,210.0,Grass,None,189.0,0.02,0.0,2.1,0.2,Sí,4,3265
Arceus,493,237.0,238.0,238.0,Normal,None,199.0,0.02,0.0,320.0,3.2,Sí,4,3989
Victini,494,225.0,210.0,210.0,Psychic,Fire,189.0,1.0,0.1,4.0,0.4,Sí,4,3265
Snivy,495,128.0,88.0,107.0,Grass,None,113.0,0.2,0.1,8.1,0.6,No,5,849
Servine,496,155.0,122.0,152.0,Grass,None,134.0,0.1,0.1,16.0,0.8,No,5,1441
Serperior,497,181.0,161.0,204.0,Grass,None,154.0,0.05,0.05,63.0,3.3,No,5,2277
Tepig,498,163.0,115.0,85.0,Fire,None,140.0,0.2,0.1,9.9,0.5,No,5,1083
Pignite,499,207.0,173.0,106.0,Fire,Fighting,175.0,0.1,0.07,55.5,1.0,No,5,1924
Emboar,500,242.0,235.0,127.0,Fire,Fighting,203.0,0.05,0.05,150.0,1.6,No,5,2982
Oshawott,501,146.0,117.0,85.0,Water,None,127.0,0.2,0.1,5.9,0.5,No,5,1046
Dewott,502,181.0,159.0,116.0,Water,None,154.0,0.1,0.07,24.5,0.8,No,5,1741
Samurott,503,216.0,212.0,157.0,Water,None,182.0,0.05,0.05,94.6,1.5,No,5,2826
Patrat,504,128.0,98.0,73.0,Normal,None,113.0,0.5,0.2,11.6,0.5,No,5,791
Watchog,505,155.0,165.0,139.0,Normal,None,134.0,0.2,0.07,27.0,1.1,No,5,1819
Lillipup,506,128.0,107.0,86.0,Normal,None,113.0,0.5,0.2,4.1,0.4,No,5,915
Herdier,507,163.0,145.0,126.0,Normal,None,140.0,0.25,0.09,14.7,0.9,No,5,1583
Stoutland,508,198.0,206.0,182.0,Normal,None,168.0,0.125,0.05,61.0,1.2,No,5,2827
Purrloin,509,121.0,98.0,73.0,Dark,None,107.0,0.5,0.2,10.1,0.4,No,5,772
Liepard,510,162.0,187.0,106.0,Dark,None,139.0,0.2,0.07,37.5,1.1,No,5,1846
Pansage,511,137.0,104.0,94.0,Grass,None,120.0,0.5,0.2,10.5,0.6,No,5,956
Simisage,512,181.0,206.0,133.0,Grass,None,154.0,0.5,0.2,30.5,1.1,No,5,2350
Pansear,513,137.0,104.0,94.0,Fire,None,120.0,0.2,0.07,11.0,0.6,No,5,956
Simisear,514,181.0,206.0,133.0,Fire,None,154.0,0.5,0.2,28.0,1.0,No,5,2350
Panpour,515,137.0,104.0,94.0,Water,None,120.0,0.5,0.2,13.5,0.6,No,5,956
Simipour,516,181.0,206.0,133.0,Water,None,154.0,0.2,0.07,29.0,1.0,No,5,2350
Munna,517,183.0,111.0,92.0,Psychic,None,156.0,0.5,0.2,23.3,0.6,No,5,1145
Musharna,518,253.0,183.0,166.0,Psychic,None,211.0,0.2,0.07,60.5,1.1,No,5,2723
Pidove,519,137.0,98.0,80.0,Normal,Flying,120.0,0.5,0.2,2.1,0.3,No,5,848
Tranquill,520,158.0,144.0,107.0,Normal,Flying,136.0,0.25,0.09,15.0,0.6,No,5,1442
Unfezant,521,190.0,226.0,146.0,Normal,Flying,162.0,0.125,0.05,29.0,1.2,No,5,2734
Blitzle,522,128.0,118.0,64.0,Electric,None,113.0,0.3,0.1,29.8,0.8,No,5,882
Zebstrika,523,181.0,211.0,136.0,Electric,None,154.0,0.1,0.07,79.5,1.6,No,5,2428
Roggenrola,524,146.0,121.0,110.0,Rock,None,127.0,0.5,0.15,18.0,0.4,No,5,1205
Boldore,525,172.0,174.0,143.0,Rock,None,147.0,0.25,0.07,102.0,0.9,No,5,2029
Gigalith,526,198.0,226.0,201.0,Rock,None,168.0,0.125,0.05,260.0,1.7,No,5,3228
Woobat,527,163.0,107.0,85.0,Psychic,Flying,140.0,0.5,0.2,2.1,0.4,No,5,1016
Swoobat,528,167.0,161.0,119.0,Psychic,Flying,143.0,0.2,0.07,10.5,0.9,No,5,1716
Drilbur,529,155.0,154.0,85.0,Ground,None,134.0,0.5,0.2,8.5,0.3,No,5,1376
Excadrill,530,242.0,255.0,129.0,Ground,Steel,203.0,0.2,0.07,40.4,0.7,No,5,3244
Audino,531,230.0,114.0,163.0,Normal,None,193.0,0.05,0.05,31.0,1.1,No,5,1682
Timburr,532,181.0,134.0,87.0,Fighting,None,154.0,0.5,0.15,12.5,0.6,No,5,1315
Gurdurr,533,198.0,180.0,134.0,Fighting,None,168.0,0.25,0.07,40.0,1.2,No,5,2169
Conkeldurr,534,233.0,243.0,158.0,Fighting,None,195.0,0.125,0.05,87.0,1.4,No,5,3337
Tympole,535,137.0,98.0,78.0,Water,None,120.0,0.5,0.15,4.5,0.5,No,5,839
Palpitoad,536,181.0,128.0,109.0,Water,Ground,154.0,0.25,0.07,17.0,0.8,No,5,1392
Seismitoad,537,233.0,188.0,150.0,Water,Ground,195.0,0.125,0.05,62.0,1.5,No,5,2564
Throh,538,260.0,172.0,160.0,Fighting,None,217.0,0.2,0.07,55.5,1.3,No,5,2562
Sawk,539,181.0,231.0,153.0,Fighting,None,154.0,0.2,0.07,51.0,1.4,No,5,2788
Sewaddle,540,128.0,96.0,124.0,Bug,Grass,113.0,0.5,0.15,2.5,0.3,No,5,977
Swadloon,541,146.0,115.0,162.0,Bug,Grass,127.0,0.25,0.07,7.3,0.5,No,5,1370
Leavanny,542,181.0,205.0,165.0,Bug,Grass,154.0,0.125,0.05,20.5,1.2,No,5,2580
Venipede,543,102.0,83.0,99.0,Bug,Poison,92.0,0.3,0.1,5.3,0.4,No,5,706
Whirlipede,544,120.0,100.0,173.0,Bug,Poison,106.0,0.15,0.05,58.5,1.2,No,5,1144
Scolipede,545,155.0,203.0,175.0,Bug,Poison,134.0,0.2,0.07,200.5,2.5,No,5,2447
Cottonee,546,120.0,71.0,111.0,Grass,Fairy,106.0,0.3,0.1,0.6,0.3,No,5,700
Whimsicott,547,155.0,164.0,176.0,Grass,Fairy,134.0,0.15,0.05,6.6,0.7,No,5,2014
Petilil,548,128.0,119.0,91.0,Grass,None,113.0,0.3,0.1,6.6,0.5,No,5,1030
Lilligant,549,172.0,214.0,155.0,Grass,None,147.0,0.15,0.05,16.3,1.1,No,5,2550
Basculin,550,172.0,189.0,129.0,Water,None,147.0,0.2,0.07,18.0,1.0,No,5,2090
Sandile,551,137.0,132.0,69.0,Ground,Dark,120.0,0.5,0.15,15.2,0.7,No,5,1037
Krokorok,552,155.0,155.0,90.0,Ground,Dark,134.0,0.25,0.07,33.4,1.0,No,5,1418
Krookodile,553,216.0,229.0,158.0,Ground,Dark,182.0,0.125,0.05,96.3,1.5,No,5,3046
Darumaka,554,172.0,153.0,86.0,Fire,None,147.0,0.3,0.09,37.5,0.6,No,5,1442
Darmanitan,555,233.0,263.0,114.0,Fire,None,195.0,0.1,0.07,92.9,1.3,No,5,3105
Maractus,556,181.0,201.0,130.0,Grass,None,154.0,0.2,0.07,28.0,1.0,No,5,2274
Dwebble,557,137.0,118.0,128.0,Bug,Rock,120.0,0.3,0.1,14.5,0.3,No,5,1224
Crustle,558,172.0,188.0,200.0,Bug,Rock,147.0,0.1,0.07,200.0,1.4,No,5,2542
Scraggy,559,137.0,132.0,132.0,Dark,Fighting,120.0,0.3,0.09,11.8,0.6,No,5,1372
Scrafty,560,163.0,163.0,222.0,Dark,Fighting,140.0,0.1,0.07,30.0,1.1,No,5,2283
Sigilyph,561,176.0,204.0,167.0,Psychic,Flying,150.0,0.2,0.07,14.0,1.4,No,5,2550
Yamask,562,116.0,95.0,141.0,Ghost,None,103.0,0.3,0.1,1.5,0.5,No,5,982
Cofagrigus,563,151.0,163.0,237.0,Ghost,None,131.0,0.1,0.07,76.5,1.7,No,5,2273
Tirtouga,564,144.0,134.0,146.0,Water,Rock,125.0,0.3,0.1,16.5,0.7,No,5,1488
Carracosta,565,179.0,192.0,197.0,Water,Rock,153.0,0.1,0.07,81.0,1.2,No,5,2621
Archen,566,146.0,213.0,89.0,Rock,Flying,127.0,0.3,0.09,9.5,0.5,No,5,1842
Archeops,567,181.0,292.0,139.0,Rock,Flying,154.0,0.1,0.07,32.0,1.4,No,5,3331
Trubbish,568,137.0,96.0,122.0,Poison,None,120.0,0.3,0.09,31.0,0.6,No,5,1000
Garbodor,569,,,,,,,,,107.3,1.9,No,5,2345
Zorua,570,120.0,153.0,78.0,Dark,None,106.0,0.3,0.09,12.5,0.7,No,5,1175
Zoroark,571,155.0,250.0,127.0,Dark,None,134.0,0.1,0.07,81.1,1.6,No,5,2571
Minccino,572,146.0,98.0,80.0,Normal,None,127.0,0.3,0.1,5.8,0.4,No,5,872
Cinccino,573,181.0,198.0,130.0,Normal,None,154.0,0.1,0.07,7.5,0.5,No,5,2242
Gothita,574,128.0,98.0,112.0,Psychic,None,113.0,0.5,0.15,5.8,0.4,No,5,951
Gothorita,575,155.0,137.0,153.0,Psychic,None,134.0,0.25,0.07,18.0,0.7,No,5,1604
Gothitelle,576,172.0,176.0,205.0,Psychic,None,147.0,0.125,0.05,44.0,1.5,No,5,2419
Solosis,577,128.0,170.0,83.0,Psychic,None,113.0,0.5,0.15,1.0,0.3,No,5,1367
Duosion,578,163.0,208.0,103.0,Psychic,None,140.0,0.25,0.07,8.0,0.6,No,5,2018
Reuniclus,579,242.0,214.0,148.0,Psychic,None,203.0,0.125,0.05,20.1,1.0,No,5,2927
Ducklett,580,158.0,84.0,96.0,Water,Flying,136.0,0.5,0.15,5.5,0.5,No,5,856
Swanna,581,,,,,,,,,24.2,1.3,No,5,2088
Vanillite,582,113.0,118.0,106.0,Ice,None,101.0,0.1,0.07,5.7,0.4,No,5,1033
Vanillish,583,139.0,151.0,138.0,Ice,None,121.0,0.05,0.05,41.0,1.1,No,5,1591
Vanilluxe,584,174.0,218.0,184.0,Ice,None,149.0,0.125,0.05,57.5,1.3,No,5,2822
Deerling,585,155.0,115.0,100.0,Normal,Grass,134.0,0.3,0.1,19.5,0.6,No,5,1135
Sawsbuck,586,190.0,198.0,146.0,Normal,Grass,162.0,0.15,0.05,92.5,1.9,No,5,2416
Emolga,587,146.0,158.0,127.0,Electric,Flying,127.0,0.2,0.07,5.0,0.4,No,5,1633
Karrablast,588,137.0,137.0,87.0,Bug,None,120.0,0.3,0.1,5.9,0.5,No,5,1182
Escavalier,589,172.0,223.0,187.0,Bug,Steel,147.0,0.125,0.05,33.0,1.0,No,5,2889
Foongus,590,170.0,97.0,91.0,Grass,Poison,146.0,0.3,0.1,1.0,0.2,No,5,979
Amoonguss,591,249.0,155.0,139.0,Grass,Poison,208.0,0.125,0.05,10.5,0.6,No,5,2140
Frillish,592,146.0,115.0,134.0,Water,Ghost,127.0,0.3,0.09,33.0,1.2,No,5,1257
Jellicent,593,225.0,159.0,178.0,Water,Ghost,189.0,0.125,0.05,135.0,2.2,No,5,2338
Alomomola,594,338.0,138.0,131.0,Water,None,278.0,0.2,0.07,31.6,1.2,No,5,2169
Joltik,595,137.0,110.0,98.0,Bug,Electric,120.0,0.3,0.1,0.6,0.1,No,5,1023
Galvantula,596,172.0,201.0,128.0,Bug,Electric,147.0,0.125,0.05,14.3,0.8,No,5,2206
Ferroseed,597,127.0,82.0,155.0,Grass,Steel,112.0,0.3,0.09,18.8,0.6,No,5,941
Ferrothorn,598,179.0,158.0,223.0,Grass,Steel,153.0,0.125,0.05,110.0,1.0,No,5,2321
Klink,599,120.0,98.0,121.0,Steel,None,106.0,0.4,0.1,21.0,0.3,No,5,956
Klang,600,155.0,150.0,174.0,Steel,None,134.0,0.1,0.07,51.0,0.6,No,5,1847
Klinklang,601,155.0,199.0,214.0,Steel,None,134.0,0.05,0.05,81.0,0.6,No,5,2637
Tynamo,602,111.0,105.0,78.0,Electric,None,99.0,0.4,0.15,0.3,0.2,No,5,811
Eelektrik,603,163.0,156.0,130.0,Electric,None,140.0,0.1,0.07,22.0,1.2,No,5,1715
Eelektross,604,198.0,217.0,152.0,Electric,None,168.0,0.05,0.05,80.5,2.1,No,5,2732
Elgyem,605,146.0,148.0,100.0,Psychic,None,127.0,0.3,0.1,9.0,0.5,No,5,1385
Beheeyem,606,181.0,221.0,163.0,Psychic,None,154.0,0.15,0.05,34.5,1.0,No,5,2753
Litwick,607,137.0,108.0,98.0,Ghost,Fire,120.0,0.4,0.09,3.1,0.3,No,5,1006
Lampent,608,155.0,169.0,115.0,Ghost,Fire,134.0,0.1,0.07,13.0,0.6,No,5,1708
Chandelure,609,155.0,271.0,182.0,Ghost,Fire,134.0,0.05,0.05,34.3,1.0,No,5,3268
Axew,610,130.0,154.0,101.0,Dragon,None,114.0,0.4,0.09,18.0,0.6,No,5,1368
Fraxure,611,165.0,212.0,123.0,Dragon,None,142.0,0.1,0.07,36.0,1.0,No,5,2234
Haxorus,612,183.0,284.0,172.0,Dragon,None,156.0,0.05,0.05,105.5,1.8,No,5,3593
Cubchoo,613,146.0,128.0,74.0,Ice,None,127.0,0.3,0.1,8.5,0.5,No,5,1069
Beartic,614,216.0,233.0,152.0,Ice,None,182.0,0.15,0.05,260.0,2.6,No,5,3042
Cryogonal,615,190.0,190.0,218.0,Ice,None,162.0,0.2,0.07,148.0,1.1,No,5,2798
Shelmet,616,137.0,72.0,140.0,Bug,None,120.0,0.3,0.1,7.7,0.4,No,5,834
Accelgor,617,190.0,220.0,120.0,Bug,None,162.0,0.15,0.05,25.3,0.8,No,5,2441
Stunfisk,618,240.0,144.0,171.0,Ground,Electric,201.0,0.2,0.07,11.0,0.7,No,5,2162
Mienfoo,619,128.0,160.0,98.0,Fighting,None,113.0,0.3,0.1,20.0,0.9,No,5,1389
Mienshao,620,163.0,258.0,127.0,Fighting,None,140.0,0.15,0.05,35.5,1.4,No,5,2710
Druddigon,621,184.0,213.0,170.0,Dragon,None,157.0,0.2,0.07,139.0,1.6,No,5,2732
Golett,622,153.0,127.0,92.0,Ground,Ghost,132.0,0.3,0.1,92.0,1.0,No,5,1189
Golurk,623,205.0,222.0,154.0,Ground,Ghost,173.0,0.15,0.05,330.0,2.8,No,5,2854
Pawniard,624,128.0,154.0,114.0,Dark,Steel,113.0,0.3,0.09,10.2,0.5,No,5,1433
Bisharp,625,163.0,232.0,176.0,Dark,Steel,140.0,0.15,0.05,70.0,1.6,No,5,2844
Bouffalant,626,216.0,195.0,182.0,Normal,None,182.0,0.2,0.07,94.6,1.6,No,5,2797
Rufflet,627,172.0,150.0,97.0,Normal,Flying,147.0,0.3,0.1,10.5,0.5,No,5,1491
Braviary,628,225.0,232.0,152.0,Normal,Flying,189.0,0.15,0.05,41.0,1.5,No,5,3088
Vullaby,629,172.0,105.0,139.0,Dark,Flying,147.0,0.3,0.1,9.0,0.5,No,5,1271
Mandibuzz,630,242.0,129.0,205.0,Dark,Flying,203.0,0.15,0.05,39.5,1.2,No,5,2138
Heatmor,631,198.0,204.0,129.0,Fire,None,168.0,0.2,0.07,58.0,1.4,No,5,2395
Durant,632,151.0,217.0,188.0,Bug,Steel,131.0,0.2,0.07,33.0,0.3,No,5,2659
Deino,633,141.0,116.0,93.0,Dark,Dragon,123.0,0.4,0.09,17.3,0.8,No,5,1062
Zweilous,634,176.0,159.0,135.0,Dark,Dragon,150.0,0.1,0.07,50.0,1.4,No,5,1839
Hydreigon,635,211.0,256.0,188.0,Dark,Dragon,178.0,0.05,0.05,160.0,1.8,No,5,3625
Larvesta,636,146.0,156.0,107.0,Bug,Fire,127.0,0.7,0.15,28.8,1.1,No,5,1496
Volcarona,637,198.0,264.0,189.0,Bug,Fire,168.0,0.1,0.07,46.0,1.6,No,5,3632
Cobalion,638,209.0,192.0,229.0,Steel,Fighting,177.0,0.02,0.01,250.0,2.1,Sí,5,3022
Terrakion,639,209.0,260.0,192.0,Rock,Fighting,177.0,0.02,0.01,260.0,1.9,Sí,5,3698
Virizion,640,209.0,192.0,229.0,Grass,Fighting,177.0,0.02,0.01,200.0,2.0,Sí,5,3022
Tornadus,641,188.0,266.0,164.0,Flying,None,160.0,0.02,0.01,63.0,1.5,Sí,5,3345
Thundurus,642,188.0,266.0,164.0,Electric,Flying,160.0,0.02,0.01,61.0,1.5,Sí,5,3345
Reshiram,643,205.0,275.0,211.0,Dragon,Fire,173.0,0.02,0.01,330.0,3.2,Sí,5,4038
Zekrom,644,205.0,275.0,211.0,Dragon,Electric,173.0,0.02,0.01,345.0,2.9,Sí,5,4038
Landorus,645,205.0,261.0,182.0,Ground,Flying,173.0,0.02,0.01,68.0,1.5,Sí,5,3588
Kyurem,646,245.0,246.0,170.0,Dragon,Ice,205.0,0.02,0.01,325.0,3.0,Sí,5,3575
Keldeo,647,209.0,260.0,192.0,Water,Fighting,177.0,0.02,0.01,48.5,1.4,No,5,3698
Meloetta,648,225.0,250.0,225.0,Normal,Psychic,189.0,0.02,0.01,6.5,0.6,No,5,3972
Genesect,649,174.0,252.0,199.0,Bug,Steel,149.0,0.02,0.01,82.5,1.5,No,5,3353
